Source,Target,Weight
Mr. Darcy,Mr. Darcy,0.0
Mr. Darcy,Mr. Bingley,0.07191011235955057
Mr. Darcy,Elizabeth,0.19121813031161472
Mr. Darcy,Miss Bingley,0.13274336283185842
Mr. Darcy,Lydia,0.0375
Mr. Darcy,Catherine,0.06055363321799308
Mr. Darcy,Mary,0.034666666666666665
Mr. Darcy,Georgiana,0.03125
Mr. Darcy,Collins,0.25035360678925034
Mr. Darcy,Charlotte,0.08213716108452951
Mr. Darcy,Mr. Wickham,0.12903225806451613
Mr. Darcy,Miss de Bourgh,0.09302325581395349
Mr. Darcy,Mr. Bennet,0.11842105263157894
Mr. Darcy,Mrs. Bennet,0.07954545454545454
Mr. Darcy,Jane,0.07772020725388601
Mr. Darcy,Louisa,0.0
Mr. Darcy,Mr. Hurst,0.2222222222222222
Mr. Darcy,Lucases,0.125
Mr. Darcy,Miss Lucas,0.12962962962962962
Mr. Darcy,Sir William,0.203125
Mr. Darcy,Mrs. Gardiner,0.06666666666666667
Mr. Darcy,Mr. Gardiner,0.07894736842105263
Mr. Darcy,Mr. Phillips,0.5
Mr. Darcy,Mrs. Phillips,0.15151515151515152
Mr. Darcy,Fitzwilliam,0.2558139534883721
Mr. Darcy,Colonel Forster,0.1111111111111111
Mr. Darcy,Mrs. Forster,0.058823529411764705
Mr. Darcy,Mr. Jones,0.3333333333333333
Mr. Darcy,Lady Catherine,0.07575757575757576
Mr. Bingley,Mr. Darcy,0.03965303593556382
Mr. Bingley,Mr. Bingley,0.0
Mr. Bingley,Elizabeth,0.04320113314447592
Mr. Bingley,Miss Bingley,0.02654867256637168
Mr. Bingley,Lydia,0.015625
Mr. Bingley,Catherine,0.1903114186851211
Mr. Bingley,Mary,0.013333333333333334
Mr. Bingley,Georgiana,0.4375
Mr. Bingley,Collins,0.039603960396039604
Mr. Bingley,Charlotte,0.08931419457735247
Mr. Bingley,Mr. Wickham,0.053763440860215055
Mr. Bingley,Miss de Bourgh,0.06976744186046512
Mr. Bingley,Mr. Bennet,0.09210526315789473
Mr. Bingley,Mrs. Bennet,0.08522727272727272
Mr. Bingley,Jane,0.054404145077720206
Mr. Bingley,Louisa,0.5
Mr. Bingley,Mr. Hurst,0.05555555555555555
Mr. Bingley,Lucases,0.0
Mr. Bingley,Miss Lucas,0.1111111111111111
Mr. Bingley,Sir William,0.0625
Mr. Bingley,Mrs. Gardiner,0.0
Mr. Bingley,Mr. Gardiner,0.02631578947368421
Mr. Bingley,Mr. Phillips,0.0
Mr. Bingley,Mrs. Phillips,0.030303030303030304
Mr. Bingley,Fitzwilliam,0.0
Mr. Bingley,Colonel Forster,0.05555555555555555
Mr. Bingley,Mrs. Forster,0.0
Mr. Bingley,Mr. Jones,0.0
Mr. Bingley,Lady Catherine,0.02727272727272727
Elizabeth,Mr. Darcy,0.3345724907063197
Elizabeth,Mr. Bingley,0.13707865168539327
Elizabeth,Elizabeth,0.0
Elizabeth,Miss Bingley,0.2920353982300885
Elizabeth,Lydia,0.0875
Elizabeth,Catherine,0.0986159169550173
Elizabeth,Mary,0.09333333333333334
Elizabeth,Georgiana,0.15625
Elizabeth,Collins,0.09759547383309759
Elizabeth,Charlotte,0.4864433811802233
Elizabeth,Mr. Wickham,0.1827956989247312
Elizabeth,Miss de Bourgh,0.11627906976744186
Elizabeth,Mr. Bennet,0.09210526315789473
Elizabeth,Mrs. Bennet,0.125
Elizabeth,Jane,0.24093264248704663
Elizabeth,Louisa,0.0
Elizabeth,Mr. Hurst,0.3333333333333333
Elizabeth,Lucases,0.16666666666666666
Elizabeth,Miss Lucas,0.14814814814814814
Elizabeth,Sir William,0.203125
Elizabeth,Mrs. Gardiner,0.3333333333333333
Elizabeth,Mr. Gardiner,0.21052631578947367
Elizabeth,Mr. Phillips,0.5
Elizabeth,Mrs. Phillips,0.06060606060606061
Elizabeth,Fitzwilliam,0.3023255813953488
Elizabeth,Colonel Forster,0.1111111111111111
Elizabeth,Mrs. Forster,0.11764705882352941
Elizabeth,Mr. Jones,0.0
Elizabeth,Lady Catherine,0.07575757575757576
Miss Bingley,Mr. Darcy,0.01858736059479554
Miss Bingley,Mr. Bingley,0.006741573033707865
Miss Bingley,Elizabeth,0.023371104815864022
Miss Bingley,Miss Bingley,0.0
Miss Bingley,Lydia,0.009375
Miss Bingley,Catherine,0.006920415224913495
Miss Bingley,Mary,0.008
Miss Bingley,Georgiana,0.0625
Miss Bingley,Collins,0.004243281471004243
Miss Bingley,Charlotte,0.019138755980861243
Miss Bingley,Mr. Wickham,0.0
Miss Bingley,Miss de Bourgh,0.023255813953488372
Miss Bingley,Mr. Bennet,0.0
Miss Bingley,Mrs. Bennet,0.0
Miss Bingley,Jane,0.038860103626943004
Miss Bingley,Louisa,0.0
Miss Bingley,Mr. Hurst,0.1111111111111111
Miss Bingley,Lucases,0.0
Miss Bingley,Miss Lucas,0.018518518518518517
Miss Bingley,Sir William,0.0
Miss Bingley,Mrs. Gardiner,0.044444444444444446
Miss Bingley,Mr. Gardiner,0.0
Miss Bingley,Mr. Phillips,0.0
Miss Bingley,Mrs. Phillips,0.0
Miss Bingley,Fitzwilliam,0.0
Miss Bingley,Colonel Forster,0.0
Miss Bingley,Mrs. Forster,0.0
Miss Bingley,Mr. Jones,0.0
Miss Bingley,Lady Catherine,0.006060606060606061
Lydia,Mr. Darcy,0.01486988847583643
Lydia,Mr. Bingley,0.011235955056179775
Lydia,Elizabeth,0.019830028328611898
Lydia,Miss Bingley,0.02654867256637168
Lydia,Lydia,0.0
Lydia,Catherine,0.01903114186851211
Lydia,Mary,0.4266666666666667
Lydia,Georgiana,0.03125
Lydia,Collins,0.024045261669024046
Lydia,Charlotte,0.019138755980861243
Lydia,Mr. Wickham,0.08602150537634409
Lydia,Miss de Bourgh,0.0
Lydia,Mr. Bennet,0.06578947368421052
Lydia,Mrs. Bennet,0.06818181818181818
Lydia,Jane,0.03626943005181347
Lydia,Louisa,0.0
Lydia,Mr. Hurst,0.0
Lydia,Lucases,0.041666666666666664
Lydia,Miss Lucas,0.018518518518518517
Lydia,Sir William,0.0
Lydia,Mrs. Gardiner,0.022222222222222223
Lydia,Mr. Gardiner,0.10526315789473684
Lydia,Mr. Phillips,0.0
Lydia,Mrs. Phillips,0.09090909090909091
Lydia,Fitzwilliam,0.0
Lydia,Colonel Forster,0.2222222222222222
Lydia,Mrs. Forster,0.35294117647058826
Lydia,Mr. Jones,0.0
Lydia,Lady Catherine,0.0
Catherine,Mr. Darcy,0.04337050805452292
Catherine,Mr. Bingley,0.24719101123595505
Catherine,Elizabeth,0.04036827195467422
Catherine,Miss Bingley,0.035398230088495575
Catherine,Lydia,0.034375
Catherine,Catherine,0.0
Catherine,Mary,0.029333333333333333
Catherine,Georgiana,0.0
Catherine,Collins,0.173974540311174
Catherine,Charlotte,0.04066985645933014
Catherine,Mr. Wickham,0.07526881720430108
Catherine,Miss de Bourgh,0.16279069767441862
Catherine,Mr. Bennet,0.10526315789473684
Catherine,Mrs. Bennet,0.08522727272727272
Catherine,Jane,0.04404145077720207
Catherine,Louisa,0.0
Catherine,Mr. Hurst,0.05555555555555555
Catherine,Lucases,0.0
Catherine,Miss Lucas,0.05555555555555555
Catherine,Sir William,0.046875
Catherine,Mrs. Gardiner,0.0
Catherine,Mr. Gardiner,0.0
Catherine,Mr. Phillips,0.0
Catherine,Mrs. Phillips,0.06060606060606061
Catherine,Fitzwilliam,0.046511627906976744
Catherine,Colonel Forster,0.0
Catherine,Mrs. Forster,0.0
Catherine,Mr. Jones,0.0
Catherine,Lady Catherine,0.33636363636363636
Mary,Mr. Darcy,0.0161090458488228
Mary,Mr. Bingley,0.011235955056179775
Mary,Elizabeth,0.024787535410764873
Mary,Miss Bingley,0.02654867256637168
Mary,Lydia,0.5
Mary,Catherine,0.01903114186851211
Mary,Mary,0.0
Mary,Georgiana,0.03125
Mary,Collins,0.02545968882602546
Mary,Charlotte,0.024720893141945772
Mary,Mr. Wickham,0.08602150537634409
Mary,Miss de Bourgh,0.0
Mary,Mr. Bennet,0.07894736842105263
Mary,Mrs. Bennet,0.08522727272727272
Mary,Jane,0.12176165803108809
Mary,Louisa,0.0
Mary,Mr. Hurst,0.0
Mary,Lucases,0.08333333333333333
Mary,Miss Lucas,0.018518518518518517
Mary,Sir William,0.0
Mary,Mrs. Gardiner,0.022222222222222223
Mary,Mr. Gardiner,0.13157894736842105
Mary,Mr. Phillips,0.0
Mary,Mrs. Phillips,0.09090909090909091
Mary,Fitzwilliam,0.0
Mary,Colonel Forster,0.2222222222222222
Mary,Mrs. Forster,0.35294117647058826
Mary,Mr. Jones,0.0
Mary,Lady Catherine,0.0
Georgiana,Mr. Darcy,0.0012391573729863693
Georgiana,Mr. Bingley,0.03146067415730337
Georgiana,Elizabeth,0.0035410764872521247
Georgiana,Miss Bingley,0.017699115044247787
Georgiana,Lydia,0.003125
Georgiana,Catherine,0.0
Georgiana,Mary,0.0026666666666666666
Georgiana,Georgiana,0.0
Georgiana,Collins,0.0
Georgiana,Charlotte,0.003987240829346092
Georgiana,Mr. Wickham,0.010752688172043012
Georgiana,Miss de Bourgh,0.0
Georgiana,Mr. Bennet,0.0
Georgiana,Mrs. Bennet,0.0
Georgiana,Jane,0.0
Georgiana,Louisa,0.5
Georgiana,Mr. Hurst,0.0
Georgiana,Lucases,0.0
Georgiana,Miss Lucas,0.0
Georgiana,Sir William,0.0
Georgiana,Mrs. Gardiner,0.0
Georgiana,Mr. Gardiner,0.02631578947368421
Georgiana,Mr. Phillips,0.0
Georgiana,Mrs. Phillips,0.0
Georgiana,Fitzwilliam,0.0
Georgiana,Colonel Forster,0.0
Georgiana,Mrs. Forster,0.0
Georgiana,Mr. Jones,0.0
Georgiana,Lady Catherine,0.0
Collins,Mr. Darcy,0.21933085501858737
Collins,Mr. Bingley,0.06292134831460675
Collins,Elizabeth,0.04886685552407932
Collins,Miss Bingley,0.02654867256637168
Collins,Lydia,0.053125
Collins,Catherine,0.21280276816608998
Collins,Mary,0.048
Collins,Georgiana,0.0
Collins,Collins,0.0
Collins,Charlotte,0.05901116427432217
Collins,Mr. Wickham,0.07526881720430108
Collins,Miss de Bourgh,0.20930232558139536
Collins,Mr. Bennet,0.13157894736842105
Collins,Mrs. Bennet,0.07954545454545454
Collins,Jane,0.03626943005181347
Collins,Louisa,0.0
Collins,Mr. Hurst,0.0
Collins,Lucases,0.08333333333333333
Collins,Miss Lucas,0.12962962962962962
Collins,Sir William,0.171875
Collins,Mrs. Gardiner,0.022222222222222223
Collins,Mr. Gardiner,0.02631578947368421
Collins,Mr. Phillips,0.0
Collins,Mrs. Phillips,0.15151515151515152
Collins,Fitzwilliam,0.11627906976744186
Collins,Colonel Forster,0.0
Collins,Mrs. Forster,0.0
Collins,Mr. Jones,0.3333333333333333
Collins,Lady Catherine,0.33636363636363636
Charlotte,Mr. Darcy,0.12763320941759604
Charlotte,Mr. Bingley,0.251685393258427
Charlotte,Elizabeth,0.43201133144475923
Charlotte,Miss Bingley,0.21238938053097345
Charlotte,Lydia,0.075
Charlotte,Catherine,0.08823529411764706
Charlotte,Mary,0.08266666666666667
Charlotte,Georgiana,0.15625
Charlotte,Collins,0.10466760961810467
Charlotte,Charlotte,0.0
Charlotte,Mr. Wickham,0.13978494623655913
Charlotte,Miss de Bourgh,0.11627906976744186
Charlotte,Mr. Bennet,0.10526315789473684
Charlotte,Mrs. Bennet,0.13068181818181818
Charlotte,Jane,0.22279792746113988
Charlotte,Louisa,0.0
Charlotte,Mr. Hurst,0.16666666666666666
Charlotte,Lucases,0.125
Charlotte,Miss Lucas,0.18518518518518517
Charlotte,Sir William,0.171875
Charlotte,Mrs. Gardiner,0.3111111111111111
Charlotte,Mr. Gardiner,0.18421052631578946
Charlotte,Mr. Phillips,0.0
Charlotte,Mrs. Phillips,0.06060606060606061
Charlotte,Fitzwilliam,0.16279069767441862
Charlotte,Colonel Forster,0.1111111111111111
Charlotte,Mrs. Forster,0.058823529411764705
Charlotte,Mr. Jones,0.0
Charlotte,Lady Catherine,0.07575757575757576
Mr. Wickham,Mr. Darcy,0.01486988847583643
Mr. Wickham,Mr. Bingley,0.011235955056179775
Mr. Wickham,Elizabeth,0.012039660056657223
Mr. Wickham,Miss Bingley,0.0
Mr. Wickham,Lydia,0.025
Mr. Wickham,Catherine,0.012110726643598616
Mr. Wickham,Mary,0.021333333333333333
Mr. Wickham,Georgiana,0.03125
Mr. Wickham,Collins,0.009900990099009901
Mr. Wickham,Charlotte,0.01036682615629984
Mr. Wickham,Mr. Wickham,0.0
Mr. Wickham,Miss de Bourgh,0.0
Mr. Wickham,Mr. Bennet,0.0
Mr. Wickham,Mrs. Bennet,0.017045454545454544
Mr. Wickham,Jane,0.010362694300518135
Mr. Wickham,Louisa,0.0
Mr. Wickham,Mr. Hurst,0.0
Mr. Wickham,Lucases,0.0
Mr. Wickham,Miss Lucas,0.0
Mr. Wickham,Sir William,0.0
Mr. Wickham,Mrs. Gardiner,0.022222222222222223
Mr. Wickham,Mr. Gardiner,0.02631578947368421
Mr. Wickham,Mr. Phillips,0.0
Mr. Wickham,Mrs. Phillips,0.09090909090909091
Mr. Wickham,Fitzwilliam,0.0
Mr. Wickham,Colonel Forster,0.05555555555555555
Mr. Wickham,Mrs. Forster,0.0
Mr. Wickham,Mr. Jones,0.0
Mr. Wickham,Lady Catherine,0.006060606060606061
Miss de Bourgh,Mr. Darcy,0.004956629491945477
Miss de Bourgh,Mr. Bingley,0.006741573033707865
Miss de Bourgh,Elizabeth,0.0035410764872521247
Miss de Bourgh,Miss Bingley,0.008849557522123894
Miss de Bourgh,Lydia,0.0
Miss de Bourgh,Catherine,0.012110726643598616
Miss de Bourgh,Mary,0.0
Miss de Bourgh,Georgiana,0.0
Miss de Bourgh,Collins,0.01272984441301273
Miss de Bourgh,Charlotte,0.003987240829346092
Miss de Bourgh,Mr. Wickham,0.0
Miss de Bourgh,Miss de Bourgh,0.0
Miss de Bourgh,Mr. Bennet,0.0
Miss de Bourgh,Mrs. Bennet,0.0
Miss de Bourgh,Jane,0.0
Miss de Bourgh,Louisa,0.0
Miss de Bourgh,Mr. Hurst,0.0
Miss de Bourgh,Lucases,0.0
Miss de Bourgh,Miss Lucas,0.0
Miss de Bourgh,Sir William,0.03125
Miss de Bourgh,Mrs. Gardiner,0.0
Miss de Bourgh,Mr. Gardiner,0.0
Miss de Bourgh,Mr. Phillips,0.0
Miss de Bourgh,Mrs. Phillips,0.0
Miss de Bourgh,Fitzwilliam,0.0
Miss de Bourgh,Colonel Forster,0.0
Miss de Bourgh,Mrs. Forster,0.0
Miss de Bourgh,Mr. Jones,0.0
Miss de Bourgh,Lady Catherine,0.021212121212121213
Mr. Bennet,Mr. Darcy,0.011152416356877323
Mr. Bennet,Mr. Bingley,0.015730337078651686
Mr. Bennet,Elizabeth,0.004957507082152974
Mr. Bennet,Miss Bingley,0.0
Mr. Bennet,Lydia,0.015625
Mr. Bennet,Catherine,0.01384083044982699
Mr. Bennet,Mary,0.016
Mr. Bennet,Georgiana,0.0
Mr. Bennet,Collins,0.014144271570014143
Mr. Bennet,Charlotte,0.006379585326953748
Mr. Bennet,Mr. Wickham,0.0
Mr. Bennet,Miss de Bourgh,0.0
Mr. Bennet,Mr. Bennet,0.0
Mr. Bennet,Mrs. Bennet,0.022727272727272728
Mr. Bennet,Jane,0.012953367875647668
Mr. Bennet,Louisa,0.0
Mr. Bennet,Mr. Hurst,0.0
Mr. Bennet,Lucases,0.0
Mr. Bennet,Miss Lucas,0.0
Mr. Bennet,Sir William,0.015625
Mr. Bennet,Mrs. Gardiner,0.022222222222222223
Mr. Bennet,Mr. Gardiner,0.05263157894736842
Mr. Bennet,Mr. Phillips,0.0
Mr. Bennet,Mrs. Phillips,0.0
Mr. Bennet,Fitzwilliam,0.0
Mr. Bennet,Colonel Forster,0.0
Mr. Bennet,Mrs. Forster,0.0
Mr. Bennet,Mr. Jones,0.0
Mr. Bennet,Lady Catherine,0.00909090909090909
Mrs. Bennet,Mr. Darcy,0.01734820322180917
Mrs. Bennet,Mr. Bingley,0.033707865168539325
Mrs. Bennet,Elizabeth,0.015580736543909348
Mrs. Bennet,Miss Bingley,0.0
Mrs. Bennet,Lydia,0.0375
Mrs. Bennet,Catherine,0.025951557093425604
Mrs. Bennet,Mary,0.04
Mrs. Bennet,Georgiana,0.0
Mrs. Bennet,Collins,0.019801980198019802
Mrs. Bennet,Charlotte,0.018341307814992026
Mrs. Bennet,Mr. Wickham,0.03225806451612903
Mrs. Bennet,Miss de Bourgh,0.0
Mrs. Bennet,Mr. Bennet,0.05263157894736842
Mrs. Bennet,Mrs. Bennet,0.0
Mrs. Bennet,Jane,0.05699481865284974
Mrs. Bennet,Louisa,0.0
Mrs. Bennet,Mr. Hurst,0.0
Mrs. Bennet,Lucases,0.08333333333333333
Mrs. Bennet,Miss Lucas,0.07407407407407407
Mrs. Bennet,Sir William,0.0
Mrs. Bennet,Mrs. Gardiner,0.06666666666666667
Mrs. Bennet,Mr. Gardiner,0.0
Mrs. Bennet,Mr. Phillips,0.0
Mrs. Bennet,Mrs. Phillips,0.12121212121212122
Mrs. Bennet,Fitzwilliam,0.0
Mrs. Bennet,Colonel Forster,0.0
Mrs. Bennet,Mrs. Forster,0.058823529411764705
Mrs. Bennet,Mr. Jones,0.0
Mrs. Bennet,Lady Catherine,0.00909090909090909
Jane,Mr. Darcy,0.03717472118959108
Jane,Mr. Bingley,0.04719101123595506
Jane,Elizabeth,0.06586402266288952
Jane,Miss Bingley,0.13274336283185842
Jane,Lydia,0.04375
Jane,Catherine,0.029411764705882353
Jane,Mary,0.12533333333333332
Jane,Georgiana,0.0
Jane,Collins,0.019801980198019802
Jane,Charlotte,0.0685805422647528
Jane,Mr. Wickham,0.043010752688172046
Jane,Miss de Bourgh,0.0
Jane,Mr. Bennet,0.06578947368421052
Jane,Mrs. Bennet,0.125
Jane,Jane,0.0
Jane,Louisa,0.0
Jane,Mr. Hurst,0.05555555555555555
Jane,Lucases,0.16666666666666666
Jane,Miss Lucas,0.0
Jane,Sir William,0.03125
Jane,Mrs. Gardiner,0.044444444444444446
Jane,Mr. Gardiner,0.13157894736842105
Jane,Mr. Phillips,0.0
Jane,Mrs. Phillips,0.0
Jane,Fitzwilliam,0.06976744186046512
Jane,Colonel Forster,0.0
Jane,Mrs. Forster,0.0
Jane,Mr. Jones,0.3333333333333333
Jane,Lady Catherine,0.0
Louisa,Mr. Darcy,0.0
Louisa,Mr. Bingley,0.0022471910112359553
Louisa,Elizabeth,0.0
Louisa,Miss Bingley,0.0
Louisa,Lydia,0.0
Louisa,Catherine,0.0
Louisa,Mary,0.0
Louisa,Georgiana,0.03125
Louisa,Collins,0.0
Louisa,Charlotte,0.0
Louisa,Mr. Wickham,0.0
Louisa,Miss de Bourgh,0.0
Louisa,Mr. Bennet,0.0
Louisa,Mrs. Bennet,0.0
Louisa,Jane,0.0
Louisa,Louisa,0.0
Louisa,Mr. Hurst,0.0
Louisa,Lucases,0.0
Louisa,Miss Lucas,0.0
Louisa,Sir William,0.0
Louisa,Mrs. Gardiner,0.0
Louisa,Mr. Gardiner,0.0
Louisa,Mr. Phillips,0.0
Louisa,Mrs. Phillips,0.0
Louisa,Fitzwilliam,0.0
Louisa,Colonel Forster,0.0
Louisa,Mrs. Forster,0.0
Louisa,Mr. Jones,0.0
Louisa,Lady Catherine,0.0
Mr. Hurst,Mr. Darcy,0.004956629491945477
Mr. Hurst,Mr. Bingley,0.0022471910112359553
Mr. Hurst,Elizabeth,0.00424929178470255
Mr. Hurst,Miss Bingley,0.017699115044247787
Mr. Hurst,Lydia,0.0
Mr. Hurst,Catherine,0.0017301038062283738
Mr. Hurst,Mary,0.0
Mr. Hurst,Georgiana,0.0
Mr. Hurst,Collins,0.0
Mr. Hurst,Charlotte,0.0023923444976076554
Mr. Hurst,Mr. Wickham,0.0
Mr. Hurst,Miss de Bourgh,0.0
Mr. Hurst,Mr. Bennet,0.0
Mr. Hurst,Mrs. Bennet,0.0
Mr. Hurst,Jane,0.0025906735751295338
Mr. Hurst,Louisa,0.0
Mr. Hurst,Mr. Hurst,0.0
Mr. Hurst,Lucases,0.0
Mr. Hurst,Miss Lucas,0.0
Mr. Hurst,Sir William,0.0
Mr. Hurst,Mrs. Gardiner,0.0
Mr. Hurst,Mr. Gardiner,0.0
Mr. Hurst,Mr. Phillips,0.0
Mr. Hurst,Mrs. Phillips,0.0
Mr. Hurst,Fitzwilliam,0.0
Mr. Hurst,Colonel Forster,0.0
Mr. Hurst,Mrs. Forster,0.0
Mr. Hurst,Mr. Jones,0.0
Mr. Hurst,Lady Catherine,0.0
Lucases,Mr. Darcy,0.0037174721189591076
Lucases,Mr. Bingley,0.0
Lucases,Elizabeth,0.0028328611898017
Lucases,Miss Bingley,0.0
Lucases,Lydia,0.003125
Lucases,Catherine,0.0
Lucases,Mary,0.005333333333333333
Lucases,Georgiana,0.0
Lucases,Collins,0.002828854314002829
Lucases,Charlotte,0.0023923444976076554
Lucases,Mr. Wickham,0.0
Lucases,Miss de Bourgh,0.0
Lucases,Mr. Bennet,0.0
Lucases,Mrs. Bennet,0.011363636363636364
Lucases,Jane,0.010362694300518135
Lucases,Louisa,0.0
Lucases,Mr. Hurst,0.0
Lucases,Lucases,0.0
Lucases,Miss Lucas,0.037037037037037035
Lucases,Sir William,0.0
Lucases,Mrs. Gardiner,0.0
Lucases,Mr. Gardiner,0.0
Lucases,Mr. Phillips,0.0
Lucases,Mrs. Phillips,0.030303030303030304
Lucases,Fitzwilliam,0.0
Lucases,Colonel Forster,0.0
Lucases,Mrs. Forster,0.0
Lucases,Mr. Jones,0.0
Lucases,Lady Catherine,0.0
Miss Lucas,Mr. Darcy,0.008674101610904586
Miss Lucas,Mr. Bingley,0.01348314606741573
Miss Lucas,Elizabeth,0.0056657223796034
Miss Lucas,Miss Bingley,0.008849557522123894
Miss Lucas,Lydia,0.003125
Miss Lucas,Catherine,0.005190311418685121
Miss Lucas,Mary,0.0026666666666666666
Miss Lucas,Georgiana,0.0
Miss Lucas,Collins,0.009900990099009901
Miss Lucas,Charlotte,0.007974481658692184
Miss Lucas,Mr. Wickham,0.0
Miss Lucas,Miss de Bourgh,0.0
Miss Lucas,Mr. Bennet,0.0
Miss Lucas,Mrs. Bennet,0.022727272727272728
Miss Lucas,Jane,0.0
Miss Lucas,Louisa,0.0
Miss Lucas,Mr. Hurst,0.0
Miss Lucas,Lucases,0.08333333333333333
Miss Lucas,Miss Lucas,0.0
Miss Lucas,Sir William,0.015625
Miss Lucas,Mrs. Gardiner,0.0
Miss Lucas,Mr. Gardiner,0.0
Miss Lucas,Mr. Phillips,0.0
Miss Lucas,Mrs. Phillips,0.0
Miss Lucas,Fitzwilliam,0.0
Miss Lucas,Colonel Forster,0.05555555555555555
Miss Lucas,Mrs. Forster,0.0
Miss Lucas,Mr. Jones,0.0
Miss Lucas,Lady Catherine,0.006060606060606061
Sir William,Mr. Darcy,0.0161090458488228
Sir William,Mr. Bingley,0.008988764044943821
Sir William,Elizabeth,0.009206798866855524
Sir William,Miss Bingley,0.0
Sir William,Lydia,0.0
Sir William,Catherine,0.005190311418685121
Sir William,Mary,0.0
Sir William,Georgiana,0.0
Sir William,Collins,0.015558698727015558
Sir William,Charlotte,0.008771929824561403
Sir William,Mr. Wickham,0.0
Sir William,Miss de Bourgh,0.046511627906976744
Sir William,Mr. Bennet,0.013157894736842105
Sir William,Mrs. Bennet,0.0
Sir William,Jane,0.0051813471502590676
Sir William,Louisa,0.0
Sir William,Mr. Hurst,0.0
Sir William,Lucases,0.0
Sir William,Miss Lucas,0.018518518518518517
Sir William,Sir William,0.0
Sir William,Mrs. Gardiner,0.0
Sir William,Mr. Gardiner,0.0
Sir William,Mr. Phillips,0.0
Sir William,Mrs. Phillips,0.0
Sir William,Fitzwilliam,0.0
Sir William,Colonel Forster,0.05555555555555555
Sir William,Mrs. Forster,0.0
Sir William,Mr. Jones,0.0
Sir William,Lady Catherine,0.006060606060606061
Mrs. Gardiner,Mr. Darcy,0.0037174721189591076
Mrs. Gardiner,Mr. Bingley,0.0
Mrs. Gardiner,Elizabeth,0.010623229461756374
Mrs. Gardiner,Miss Bingley,0.017699115044247787
Mrs. Gardiner,Lydia,0.003125
Mrs. Gardiner,Catherine,0.0
Mrs. Gardiner,Mary,0.0026666666666666666
Mrs. Gardiner,Georgiana,0.0
Mrs. Gardiner,Collins,0.0014144271570014145
Mrs. Gardiner,Charlotte,0.011164274322169059
Mrs. Gardiner,Mr. Wickham,0.010752688172043012
Mrs. Gardiner,Miss de Bourgh,0.0
Mrs. Gardiner,Mr. Bennet,0.013157894736842105
Mrs. Gardiner,Mrs. Bennet,0.017045454545454544
Mrs. Gardiner,Jane,0.0051813471502590676
Mrs. Gardiner,Louisa,0.0
Mrs. Gardiner,Mr. Hurst,0.0
Mrs. Gardiner,Lucases,0.0
Mrs. Gardiner,Miss Lucas,0.0
Mrs. Gardiner,Sir William,0.0
Mrs. Gardiner,Mrs. Gardiner,0.0
Mrs. Gardiner,Mr. Gardiner,0.0
Mrs. Gardiner,Mr. Phillips,0.0
Mrs. Gardiner,Mrs. Phillips,0.030303030303030304
Mrs. Gardiner,Fitzwilliam,0.0
Mrs. Gardiner,Colonel Forster,0.0
Mrs. Gardiner,Mrs. Forster,0.0
Mrs. Gardiner,Mr. Jones,0.0
Mrs. Gardiner,Lady Catherine,0.0
Mr. Gardiner,Mr. Darcy,0.0037174721189591076
Mr. Gardiner,Mr. Bingley,0.0022471910112359553
Mr. Gardiner,Elizabeth,0.0056657223796034
Mr. Gardiner,Miss Bingley,0.0
Mr. Gardiner,Lydia,0.0125
Mr. Gardiner,Catherine,0.0
Mr. Gardiner,Mary,0.013333333333333334
Mr. Gardiner,Georgiana,0.03125
Mr. Gardiner,Collins,0.0014144271570014145
Mr. Gardiner,Charlotte,0.005582137161084529
Mr. Gardiner,Mr. Wickham,0.010752688172043012
Mr. Gardiner,Miss de Bourgh,0.0
Mr. Gardiner,Mr. Bennet,0.02631578947368421
Mr. Gardiner,Mrs. Bennet,0.0
Mr. Gardiner,Jane,0.012953367875647668
Mr. Gardiner,Louisa,0.0
Mr. Gardiner,Mr. Hurst,0.0
Mr. Gardiner,Lucases,0.0
Mr. Gardiner,Miss Lucas,0.0
Mr. Gardiner,Sir William,0.0
Mr. Gardiner,Mrs. Gardiner,0.0
Mr. Gardiner,Mr. Gardiner,0.0
Mr. Gardiner,Mr. Phillips,0.0
Mr. Gardiner,Mrs. Phillips,0.0
Mr. Gardiner,Fitzwilliam,0.0
Mr. Gardiner,Colonel Forster,0.0
Mr. Gardiner,Mrs. Forster,0.0
Mr. Gardiner,Mr. Jones,0.0
Mr. Gardiner,Lady Catherine,0.0
Mr. Phillips,Mr. Darcy,0.0024783147459727386
Mr. Phillips,Mr. Bingley,0.0
Mr. Phillips,Elizabeth,0.00141643059490085
Mr. Phillips,Miss Bingley,0.0
Mr. Phillips,Lydia,0.0
Mr. Phillips,Catherine,0.0
Mr. Phillips,Mary,0.0
Mr. Phillips,Georgiana,0.0
Mr. Phillips,Collins,0.0
Mr. Phillips,Charlotte,0.0
Mr. Phillips,Mr. Wickham,0.0
Mr. Phillips,Miss de Bourgh,0.0
Mr. Phillips,Mr. Bennet,0.0
Mr. Phillips,Mrs. Bennet,0.0
Mr. Phillips,Jane,0.0
Mr. Phillips,Louisa,0.0
Mr. Phillips,Mr. Hurst,0.0
Mr. Phillips,Lucases,0.0
Mr. Phillips,Miss Lucas,0.0
Mr. Phillips,Sir William,0.0
Mr. Phillips,Mrs. Gardiner,0.0
Mr. Phillips,Mr. Gardiner,0.0
Mr. Phillips,Mr. Phillips,0.0
Mr. Phillips,Mrs. Phillips,0.0
Mr. Phillips,Fitzwilliam,0.0
Mr. Phillips,Colonel Forster,0.0
Mr. Phillips,Mrs. Forster,0.0
Mr. Phillips,Mr. Jones,0.0
Mr. Phillips,Lady Catherine,0.0
Mrs. Phillips,Mr. Darcy,0.006195786864931847
Mrs. Phillips,Mr. Bingley,0.0022471910112359553
Mrs. Phillips,Elizabeth,0.00141643059490085
Mrs. Phillips,Miss Bingley,0.0
Mrs. Phillips,Lydia,0.009375
Mrs. Phillips,Catherine,0.0034602076124567475
Mrs. Phillips,Mary,0.008
Mrs. Phillips,Georgiana,0.0
Mrs. Phillips,Collins,0.007072135785007072
Mrs. Phillips,Charlotte,0.001594896331738437
Mrs. Phillips,Mr. Wickham,0.03225806451612903
Mrs. Phillips,Miss de Bourgh,0.0
Mrs. Phillips,Mr. Bennet,0.0
Mrs. Phillips,Mrs. Bennet,0.022727272727272728
Mrs. Phillips,Jane,0.0
Mrs. Phillips,Louisa,0.0
Mrs. Phillips,Mr. Hurst,0.0
Mrs. Phillips,Lucases,0.041666666666666664
Mrs. Phillips,Miss Lucas,0.0
Mrs. Phillips,Sir William,0.0
Mrs. Phillips,Mrs. Gardiner,0.022222222222222223
Mrs. Phillips,Mr. Gardiner,0.0
Mrs. Phillips,Mr. Phillips,0.0
Mrs. Phillips,Mrs. Phillips,0.0
Mrs. Phillips,Fitzwilliam,0.0
Mrs. Phillips,Colonel Forster,0.0
Mrs. Phillips,Mrs. Forster,0.0
Mrs. Phillips,Mr. Jones,0.0
Mrs. Phillips,Lady Catherine,0.0030303030303030303
Fitzwilliam,Mr. Darcy,0.013630731102850062
Fitzwilliam,Mr. Bingley,0.0
Fitzwilliam,Elizabeth,0.009206798866855524
Fitzwilliam,Miss Bingley,0.0
Fitzwilliam,Lydia,0.0
Fitzwilliam,Catherine,0.0034602076124567475
Fitzwilliam,Mary,0.0
Fitzwilliam,Georgiana,0.0
Fitzwilliam,Collins,0.007072135785007072
Fitzwilliam,Charlotte,0.005582137161084529
Fitzwilliam,Mr. Wickham,0.0
Fitzwilliam,Miss de Bourgh,0.0
Fitzwilliam,Mr. Bennet,0.0
Fitzwilliam,Mrs. Bennet,0.0
Fitzwilliam,Jane,0.007772020725388601
Fitzwilliam,Louisa,0.0
Fitzwilliam,Mr. Hurst,0.0
Fitzwilliam,Lucases,0.0
Fitzwilliam,Miss Lucas,0.0
Fitzwilliam,Sir William,0.0
Fitzwilliam,Mrs. Gardiner,0.0
Fitzwilliam,Mr. Gardiner,0.0
Fitzwilliam,Mr. Phillips,0.0
Fitzwilliam,Mrs. Phillips,0.0
Fitzwilliam,Fitzwilliam,0.0
Fitzwilliam,Colonel Forster,0.0
Fitzwilliam,Mrs. Forster,0.0
Fitzwilliam,Mr. Jones,0.0
Fitzwilliam,Lady Catherine,0.006060606060606061
Colonel Forster,Mr. Darcy,0.0024783147459727386
Colonel Forster,Mr. Bingley,0.0022471910112359553
Colonel Forster,Elizabeth,0.00141643059490085
Colonel Forster,Miss Bingley,0.0
Colonel Forster,Lydia,0.0125
Colonel Forster,Catherine,0.0
Colonel Forster,Mary,0.010666666666666666
Colonel Forster,Georgiana,0.0
Colonel Forster,Collins,0.0
Colonel Forster,Charlotte,0.001594896331738437
Colonel Forster,Mr. Wickham,0.010752688172043012
Colonel Forster,Miss de Bourgh,0.0
Colonel Forster,Mr. Bennet,0.0
Colonel Forster,Mrs. Bennet,0.0
Colonel Forster,Jane,0.0
Colonel Forster,Louisa,0.0
Colonel Forster,Mr. Hurst,0.0
Colonel Forster,Lucases,0.0
Colonel Forster,Miss Lucas,0.018518518518518517
Colonel Forster,Sir William,0.015625
Colonel Forster,Mrs. Gardiner,0.0
Colonel Forster,Mr. Gardiner,0.0
Colonel Forster,Mr. Phillips,0.0
Colonel Forster,Mrs. Phillips,0.0
Colonel Forster,Fitzwilliam,0.0
Colonel Forster,Colonel Forster,0.0
Colonel Forster,Mrs. Forster,0.0
Colonel Forster,Mr. Jones,0.0
Colonel Forster,Lady Catherine,0.0
Mrs. Forster,Mr. Darcy,0.0012391573729863693
Mrs. Forster,Mr. Bingley,0.0
Mrs. Forster,Elizabeth,0.00141643059490085
Mrs. Forster,Miss Bingley,0.0
Mrs. Forster,Lydia,0.01875
Mrs. Forster,Catherine,0.0
Mrs. Forster,Mary,0.016
Mrs. Forster,Georgiana,0.0
Mrs. Forster,Collins,0.0
Mrs. Forster,Charlotte,0.0007974481658692185
Mrs. Forster,Mr. Wickham,0.0
Mrs. Forster,Miss de Bourgh,0.0
Mrs. Forster,Mr. Bennet,0.0
Mrs. Forster,Mrs. Bennet,0.005681818181818182
Mrs. Forster,Jane,0.0
Mrs. Forster,Louisa,0.0
Mrs. Forster,Mr. Hurst,0.0
Mrs. Forster,Lucases,0.0
Mrs. Forster,Miss Lucas,0.0
Mrs. Forster,Sir William,0.0
Mrs. Forster,Mrs. Gardiner,0.0
Mrs. Forster,Mr. Gardiner,0.0
Mrs. Forster,Mr. Phillips,0.0
Mrs. Forster,Mrs. Phillips,0.0
Mrs. Forster,Fitzwilliam,0.0
Mrs. Forster,Colonel Forster,0.0
Mrs. Forster,Mrs. Forster,0.0
Mrs. Forster,Mr. Jones,0.0
Mrs. Forster,Lady Catherine,0.0
Mr. Jones,Mr. Darcy,0.0012391573729863693
Mr. Jones,Mr. Bingley,0.0
Mr. Jones,Elizabeth,0.0
Mr. Jones,Miss Bingley,0.0
Mr. Jones,Lydia,0.0
Mr. Jones,Catherine,0.0
Mr. Jones,Mary,0.0
Mr. Jones,Georgiana,0.0
Mr. Jones,Collins,0.0014144271570014145
Mr. Jones,Charlotte,0.0
Mr. Jones,Mr. Wickham,0.0
Mr. Jones,Miss de Bourgh,0.0
Mr. Jones,Mr. Bennet,0.0
Mr. Jones,Mrs. Bennet,0.0
Mr. Jones,Jane,0.0025906735751295338
Mr. Jones,Louisa,0.0
Mr. Jones,Mr. Hurst,0.0
Mr. Jones,Lucases,0.0
Mr. Jones,Miss Lucas,0.0
Mr. Jones,Sir William,0.0
Mr. Jones,Mrs. Gardiner,0.0
Mr. Jones,Mr. Gardiner,0.0
Mr. Jones,Mr. Phillips,0.0
Mr. Jones,Mrs. Phillips,0.0
Mr. Jones,Fitzwilliam,0.0
Mr. Jones,Colonel Forster,0.0
Mr. Jones,Mrs. Forster,0.0
Mr. Jones,Mr. Jones,0.0
Mr. Jones,Lady Catherine,0.0
Lady Catherine,Mr. Darcy,0.030978934324659233
Lady Catherine,Mr. Bingley,0.020224719101123594
Lady Catherine,Elizabeth,0.017705382436260624
Lady Catherine,Miss Bingley,0.017699115044247787
Lady Catherine,Lydia,0.0
Lady Catherine,Catherine,0.19204152249134948
Lady Catherine,Mary,0.0
Lady Catherine,Georgiana,0.0
Lady Catherine,Collins,0.157001414427157
Lady Catherine,Charlotte,0.019936204146730464
Lady Catherine,Mr. Wickham,0.021505376344086023
Lady Catherine,Miss de Bourgh,0.16279069767441862
Lady Catherine,Mr. Bennet,0.039473684210526314
Lady Catherine,Mrs. Bennet,0.017045454545454544
Lady Catherine,Jane,0.0
Lady Catherine,Louisa,0.0
Lady Catherine,Mr. Hurst,0.0
Lady Catherine,Lucases,0.0
Lady Catherine,Miss Lucas,0.037037037037037035
Lady Catherine,Sir William,0.03125
Lady Catherine,Mrs. Gardiner,0.0
Lady Catherine,Mr. Gardiner,0.0
Lady Catherine,Mr. Phillips,0.0
Lady Catherine,Mrs. Phillips,0.030303030303030304
Lady Catherine,Fitzwilliam,0.046511627906976744
Lady Catherine,Colonel Forster,0.0
Lady Catherine,Mrs. Forster,0.0
Lady Catherine,Mr. Jones,0.0
Lady Catherine,Lady Catherine,0.0
